GenomeID	gram_stain
GCF_012427845	0
GCF_014652935	0
GCF_000420025	1
GCF_900112295	0
GCF_001612845	1
GCF_011046975	1
GCF_000739735	0
GCF_004357995	1
GCF_900129155	0
GCF_003129605	0
GCF_900156655	0
GCF_000218235	0
GCF_900112505	0
GCF_014207435	1
GCF_014641455	0
GCF_002954245	1
GCF_000300515	0
GCF_900100955	1
GCF_001439635	1
GCF_001831495	0
GCF_001708305	1
GCF_000238395	0
GCF_000421165	0
GCF_001267175	0
GCF_003389455	1
GCF_012396585	1
GCF_001051995	0
GCF_014196345	0
GCF_014645175	0
GCF_001570565	1
GCF_014645355	0
GCF_000330725	0
GCF_900113265	0
GCF_004102745	1
GCF_001613445	1
GCF_900114235	1
GCF_900110695	1
GCF_003633775	0
GCF_003054025	0
GCF_007845635	0
GCF_016865235	0
GCF_017114865	1
GCF_009909205	0
GCF_013408435	1
GCF_003096035	0
GCF_000512205	0
GCF_900095135	0
GCF_002282855	0
GCF_004341915	0
GCF_000147675	1
GCF_007991755	1
GCF_000820085	0
GCF_003096355	0
GCF_013408415	1
GCF_900148835	0
GCF_014201555	0
GCF_014636995	0
GCF_900107665	0
GCF_900188335	0
GCF_014197435	1
GCF_900102745	1
GCF_001277235	0
GCF_003967535	1
GCF_001908025	1
GCF_014138885	1
GCF_003716875	0
GCF_002307495	0
GCF_900100345	0
GCF_000621125	0
GCF_014652235	0
GCF_008711145	0
GCF_001403635	1
GCF_000513155	1
GCF_011927625	0
GCF_000426505	0
GCF_003076135	1
GCF_001548275	0
GCF_000442275	0
GCF_001043175	0
GCF_008801475	0
GCF_900188045	0
GCF_017161325	0
GCF_001687565	1
GCF_000248075	1
GCF_000296405	1
GCF_003865095	1
GCF_008040105	1
GCF_900111785	0
GCF_001641615	0
GCF_016863315	1
GCF_004341385	0
GCF_001971645	0
GCF_900168045	0
GCF_007990775	1
GCF_900115665	0
GCF_004802515	1
GCF_006148955	0
GCF_900107725	0
GCF_017873965	0
GCF_900167915	0
GCF_017873095	0
GCF_900101815	0
GCF_014230055	0
GCF_001431465	0
GCF_016908275	1
GCF_000378345	0
GCF_004329815	0
GCF_012843165	1
GCF_000521865	0
GCF_900112585	0
GCF_000420505	1
GCF_003946505	1
GCF_001613065	1
GCF_900129905	0
GCF_001730315	1
GCF_014636475	1
GCF_000975035	1
GCF_900110065	0
GCF_000819705	0
GCF_006443685	0
GCF_003336425	1
GCF_014652315	0
GCF_003634995	1
GCF_004348265	0
GCF_003352165	0
GCF_900156425	0
GCF_000190435	0
GCF_000711885	0
GCF_003605635	0
GCF_000379425	1
GCF_000425785	0
GCF_000382125	0
GCF_006159205	0
GCF_001441615	0
GCF_008274805	0
GCF_014646875	0
GCF_000021925	0
GCF_000421745	1
GCF_000425425	0
GCF_003946695	1
GCF_007558725	0
GCF_002285435	0
GCF_900188245	0
GCF_014118685	1
GCF_001584615	1
GCF_003843875	1
GCF_002835805	1
GCF_008923365	1
GCF_013407765	1
GCF_007828155	1
GCF_900119185	0
GCF_016908415	1
GCF_000768555	0
GCF_006717075	1
GCF_002014855	0
GCF_003012935	0
GCF_006546775	0
GCF_000430625	0
GCF_003991565	0
GCF_003710935	0
GCF_000372445	1
GCF_005049105	0
GCF_003149515	0
GCF_000430805	0
GCF_004362865	0
GCF_001021025	1
GCF_001591805	1
GCF_003313545	0
GCF_009299485	1
GCF_000383875	0
GCF_017873565	1
GCF_003583935	0
GCF_008728085	1
GCF_001941825	0
GCF_900100725	0
GCF_002210225	0
GCF_900108165	0
GCF_009733795	1
GCF_000429005	0
GCF_004801295	0
GCF_900107965	1
GCF_017873235	1
GCF_003797835	1
GCF_000337175	1
GCF_004339015	0
GCF_900101585	1
GCF_014652875	0
GCF_900099765	1
GCF_013328205	0
GCF_002893625	0
GCF_014652475	0
GCF_001641285	0
GCF_900129325	0
GCF_003202285	1
GCF_014639315	1
GCF_900156635	0
GCF_001592045	1
GCF_000422965	0
GCF_000620125	1
GCF_000403135	0
GCF_004341205	1
GCF_003628505	1
GCF_000421145	1
GCF_014636275	1
GCF_001816145	0
GCF_900078665	1
GCF_003991875	1
GCF_001956985	0
GCF_002245355	1
GCF_900113515	1
GCF_900101995	0
GCF_002142155	0
GCF_001889605	0
GCF_014635885	0
GCF_001431415	0
GCF_014196115	0
GCF_000219915	0
GCF_003987395	0
GCF_003285015	0
GCF_016908875	1
GCF_000469325	1
GCF_900112335	0
GCF_000243215	0
GCF_001436555	1
GCF_008806345	0
GCF_004307995	1
GCF_900070325	1
GCF_000819725	0
GCF_004310685	1
GCF_003345255	0
GCF_000423325	0
GCF_007992115	1
GCF_013186535	1
GCF_000591055	0
GCF_001053095	0
GCF_900129045	1
GCF_900110925	0
GCF_003129485	0
GCF_002078505	0
GCF_001887595	0
GCF_017873605	0
GCF_011759705	1
GCF_003951975	1
GCF_000382825	1
GCF_002724055	1
GCF_000377005	1
GCF_010722915	1
GCF_000429105	1
GCF_000349325	1
GCF_000296695	0
GCF_900129345	0
GCF_000428745	0
GCF_014499005	1
GCF_000014785	0
GCF_004363235	0
GCF_900115785	0
GCF_016446285	0
GCF_000241265	1
GCF_900142145	1
GCF_004322705	0
GCF_003610395	1
GCF_002093665	0
GCF_006335005	1
GCF_009811315	0
GCF_902499045	0
GCF_001038425	1
GCF_003363485	0
GCF_005860805	0
GCF_006542375	0
GCF_002803515	0
GCF_003966955	1
GCF_004217615	1
GCF_004362525	0
GCF_011046555	0
GCF_900496965	0
GCF_007997285	0
GCF_003236315	1
GCF_000312445	0
GCF_001879695	0
GCF_001623565	1
GCF_014199335	0
GCF_014191305	1
GCF_900188415	0
GCF_003367905	0
GCF_001518015	0
GCF_900105165	0
GCF_000832545	0
GCF_003710965	1
GCF_001273755	1
GCF_014641655	0
GCF_900207575	0
GCF_000350145	1
GCF_001570585	1
GCF_017254835	0
GCF_002786295	0
GCF_001613325	1
GCF_001639105	0
GCF_014230085	0
GCF_000018025	0
GCF_003664185	0
GCF_000657795	0
GCF_001012825	1
GCF_001575225	1
GCF_900129115	0
GCF_000737785	0
GCF_003965815	0
GCF_016653315	0
GCF_001418005	0
GCF_003047285	1
GCF_014647155	0
GCF_000156435	1
GCF_016858125	0
GCF_014645075	0
GCF_000442255	0
GCF_000425125	0
GCF_000275725	0
GCF_900108245	0
GCF_002499975	0
GCF_003056355	0
GCF_003008515	0
GCF_002270415	0
GCF_000348785	1
GCF_900129175	0
GCF_001434455	1
GCF_001277215	0
GCF_008728635	0
GCF_001305575	0
GCF_014635145	1
GCF_004103825	0
GCF_900312995	0
GCF_014639655	1
GCF_014190805	1
GCF_900110455	0
GCF_014642635	0
GCF_000219725	0
GCF_004216535	1
GCF_001886615	0
GCF_003987135	0
GCF_017874735	0
GCF_000372745	1
GCF_000226875	0
GCF_003628145	0
GCF_000715205	1
GCF_009910675	0
GCF_002796795	0
GCF_000166395	0
GCF_001584405	1
GCF_003287395	0
GCF_003987405	0
GCF_007992195	0
GCF_014243445	0
GCF_004352845	0
GCF_900116605	0
GCF_000374845	1
GCF_900142225	1
GCF_000429045	0
GCF_000526715	0
GCF_004001085	1
GCF_013388295	0
GCF_002946835	1
GCF_002993885	0
GCF_003837865	0
GCF_009711465	0
GCF_001401755	0
GCF_014397255	1
GCF_000519325	1
GCF_014197035	0
GCF_900113695	0
GCF_002812485	0
GCF_004346685	0
GCF_007992215	0
GCF_008245045	0
GCF_003605365	0
GCF_900149295	0
GCF_009856625	0
GCF_004341235	0
GCF_011189575	0
GCF_005887615	0
GCF_900188235	0
GCF_013623835	1
GCF_003570885	0
GCF_900107385	1
GCF_000308415	1
GCF_014651775	0
GCF_005434915	0
GCF_001761385	0
GCF_000421845	1
GCF_002088935	0
GCF_003544835	0
GCF_003946555	1
GCF_001439845	0
GCF_000210095	1
GCF_900108525	0
GCF_003696285	0
GCF_001661595	0
GCF_004291315	0
GCF_004216915	1
GCF_000423865	0
GCF_003387615	0
GCF_000788395	0
GCF_003966145	1
GCF_001655005	0
GCF_900187185	0
GCF_003003255	0
GCF_000813325	0
GCF_014640095	0
GCF_002563895	0
GCF_008635805	1
GCF_011758745	1
GCF_000427095	0
GCF_000024005	0
GCF_900112045	1
GCF_000482865	1
GCF_014652395	0
GCF_014652375	0
GCF_000934465	1
GCF_014904795	0
GCF_006346315	1
GCF_001310955	0
GCF_900103955	1
GCF_008693095	1
GCF_000284615	0
GCF_013410455	1
GCF_009671205	1
GCF_016905005	0
GCF_001434395	1
GCF_902499125	0
GCF_003426025	1
GCF_003028415	0
GCF_003289645	1
GCF_013415885	0
GCF_001046655	0
GCF_000425145	0
GCF_014200405	1
GCF_003260125	0
GCF_003207935	0
GCF_014645695	0
GCF_002879615	0
GCF_900112175	0
GCF_014243395	0
GCF_900109685	0
GCF_002006795	0
GCF_016734765	0
GCF_001647275	0
GCF_000812875	0
GCF_003012775	0
GCF_001580045	0
GCF_001550155	0
GCF_007830355	0
GCF_003014485	1
GCF_001038625	1
GCF_010500835	0
GCF_001908105	0
GCF_014192375	0
GCF_001591485	1
GCF_004138215	1
GCF_003144395	0
GCF_004343075	0
GCF_001981525	0
GCF_002117125	0
GCF_900102675	0
GCF_000296465	0
GCF_007991735	1
GCF_003987265	0
GCF_003063455	0
GCF_009707545	1
GCF_003966915	0
GCF_002270055	0
GCF_900188155	0
GCF_900113905	0
GCF_900104135	0
GCF_002352765	0
GCF_009827595	0
GCF_000613725	0
GCF_900106945	0
GCF_900114485	0
GCF_000422925	0
GCF_000022065	1
GCF_014642175	0
GCF_000218545	1
GCF_014643615	0
GCF_004342725	0
GCF_000350525	1
GCF_000819885	0
GCF_014647855	0
GCF_000011125	0
GCF_004135935	0
GCF_004785645	0
GCF_001192835	0
GCF_000240225	1
GCF_003664035	0
GCF_900110735	1
GCF_005876855	0
GCF_016904955	0
GCF_000787855	1
GCF_003385415	0
GCF_002843235	0
GCF_004348995	1
GCF_900096565	0
GCF_014652895	0
GCF_009711185	0
GCF_000688455	0
GCF_000265245	0
GCF_008123515	0
GCF_002723975	0
GCF_003992675	0
GCF_003994485	0
GCF_900099675	0
GCF_008362905	0
GCF_000067205	0
GCF_900115085	0
GCF_013185915	0
GCF_000768695	1
GCF_900100875	0
GCF_900114675	0
GCF_000426705	0
GCF_007671675	0
GCF_003363265	0
GCF_001752395	0
GCF_900183575	1
GCF_002993975	1
GCF_001976145	0
GCF_000687145	0
GCF_002355475	0
GCF_001543105	1
GCF_902859625	0
GCF_008830225	0
GCF_001439665	0
GCF_001437125	1
GCF_003265355	1
GCF_007830205	0
GCF_001595645	0
GCF_900168325	0
GCF_003966225	0
GCF_900103275	1
GCF_000482805	1
GCF_003121985	0
GCF_003544875	0
GCF_000422385	1
GCF_001050515	0
GCF_005405245	1
GCF_003595525	1
GCF_001927285	0
GCF_014651595	0
GCF_002174535	1
GCF_007990545	0
GCF_000421225	1
GCF_900112315	0
GCF_004028235	1
GCF_000421645	0
GCF_002864045	0
GCF_000018145	0
GCF_014645535	0
GCF_003259375	0
GCF_004324755	1
GCF_900108225	0
GCF_000020965	0
GCF_003957515	0
GCF_004801305	0
GCF_007556755	0
GCF_900115555	0
GCF_002917105	0
GCF_003075095	1
GCF_002207765	0
GCF_900115165	0
GCF_003987255	0
GCF_008727715	0
GCF_002954445	0
GCF_014905615	0
GCF_003270085	1
GCF_007829885	1
GCF_003710825	1
GCF_006788875	1
GCF_000429325	0
GCF_000422265	0
GCF_004216755	0
GCF_900101895	0
GCF_014201885	0
GCF_014197915	0
GCF_900100075	0
GCF_003006155	0
GCF_000419585	0
GCF_000980815	1
GCF_003344765	0
GCF_007923445	0
GCF_014905395	1
GCF_003751635	0
GCF_000831645	1
GCF_003814695	1
GCF_000348905	1
GCF_001021045	1
GCF_003416765	1
GCF_016937515	1
GCF_014653115	1
GCF_014640535	1
GCF_900107485	1
GCF_003337375	0
GCF_014647075	1
GCF_900095795	0
GCF_014196455	0
GCF_900112345	1
GCF_001431525	0
GCF_900113435	0
GCF_001433855	1
GCF_001277255	0
GCF_000422785	0
GCF_000615945	0
GCF_017815515	0
GCF_003971235	0
GCF_016862895	1
GCF_000013905	0
GCF_002251835	0
GCF_002117085	0
GCF_011045165	1
GCF_014641555	1
GCF_004919045	1
GCF_014651915	0
GCF_001975725	0
GCF_900115745	0
GCF_003353425	0
GCF_000373265	0
GCF_001020985	1
GCF_001968985	0
GCF_005402645	1
GCF_000369005	0
GCF_002871005	0
GCF_001580015	0
GCF_003312425	0
GCF_001440395	0
GCF_004358185	0
GCF_002105195	0
GCF_003340555	0
GCF_003946515	1
GCF_001438805	1
GCF_001890925	0
GCF_003046325	0
GCF_001571045	1
GCF_000023845	1
GCF_000428125	0
GCF_010669305	1
GCF_000993785	1
GCF_003182485	1
GCF_000233775	0
GCF_900156415	0
GCF_900115045	0
GCF_900128995	0
GCF_000445105	0
GCF_900168055	0
GCF_900099785	0
GCF_900659635	1
GCF_003058325	0
GCF_002251755	0
GCF_008327825	0
GCF_004138525	1
GCF_003515945	1
GCF_000269865	1
GCF_007830035	0
GCF_000382285	0
GCF_003352835	1
GCF_003182475	0
GCF_001543875	0
GCF_008000835	0
GCF_008124835	1
GCF_900142185	0
GCF_000381645	0
GCF_001656035	0
GCF_009688965	0
GCF_003259935	1
GCF_000011305	1
GCF_002812705	0
GCF_003950325	1
GCF_003368325	0
GCF_014635525	0
GCF_002197665	0
GCF_000730685	0
GCF_001591825	1
GCF_005497185	0
GCF_017565705	1
GCF_007991635	0
GCF_003946335	1
GCF_003024235	0
GCF_900200035	0
GCF_001650695	0
GCF_900112525	1
GCF_011399095	0
GCF_014196425	0
GCF_002216005	1
GCF_012184385	1
GCF_004363805	0
GCF_900129405	0
GCF_013410755	1
GCF_016862635	1
GCF_000686525	0
GCF_003130585	1
GCF_000300875	0
GCF_900102135	0
GCF_014651515	0
GCF_900167005	1
GCF_003034845	0
GCF_002920895	0
GCF_004216555	1
GCF_900111175	1
GCF_003202065	1
GCF_014642855	0
GCF_007997295	0
GCF_011764425	1
GCF_003368535	1
GCF_003054195	0
GCF_014636495	1
GCF_003148625	0
GCF_007827555	1
GCF_014641695	0
GCF_014138495	0
GCF_014640455	0
GCF_002355735	0
GCF_002902145	1
GCF_007988845	1
GCF_000428465	0
GCF_000170835	0
GCF_001543205	1
GCF_900445435	1
GCF_000017545	0
GCF_000969825	0
GCF_000336875	0
GCF_009800925	0
GCF_005518135	0
GCF_003944705	0
GCF_003994475	0
GCF_008710155	0
GCF_000483485	0
GCF_015352955	0
GCF_003122085	0
GCF_004004565	0
GCF_003007675	0
GCF_013402795	0
GCF_000355675	0
GCF_002995495	1
GCF_017874715	1
GCF_001637205	1
GCF_900142355	0
GCF_003324525	0
GCF_003600355	1
GCF_001598035	1
GCF_900111545	0
GCF_001940455	1
GCF_000524475	1
GCF_014652555	0
GCF_001005295	1
GCF_900104065	0
GCF_900091555	1
GCF_001274945	0
GCF_900105045	1
GCF_003668575	1
GCF_000827125	0
GCF_900101465	1
GCF_001885905	1
GCF_004364325	1
GCF_004358325	1
GCF_004214935	1
GCF_003258295	1
GCF_003732545	0
GCF_000014185	1
GCF_000512915	0
GCF_000428525	0
GCF_900106765	1
GCF_002869745	0
GCF_000504285	1
GCF_015475875	0
GCF_000616095	0
GCF_007859215	1
GCF_002966125	0
GCF_004366575	0
GCF_900108035	0
GCF_002959855	0
GCF_002866825	0
GCF_007989445	1
GCF_900115155	1
GCF_009684715	0
GCF_014643695	1
GCF_014196795	0
GCF_014645315	1
GCF_000420045	0
GCF_900142265	0
GCF_014642075	0
GCF_900182705	0
GCF_000412675	0
GCF_014648335	0
GCF_000380565	0
GCF_000299935	0
GCF_014207655	1
GCF_900141835	0
GCF_900184945	0
GCF_007992415	1
GCF_002218025	0
GCF_000372385	1
GCF_001941505	1
GCF_900101985	1
GCF_001039475	1
GCF_003258945	0
GCF_003258515	0
GCF_001442625	0
GCF_900108365	0
GCF_000768355	0
GCF_001612945	1
GCF_000344135	1
GCF_003116585	0
GCF_001307195	0
GCF_900162645	0
GCF_000331535	0
GCF_014202875	1
GCF_017873955	0
GCF_900176275	0
GCF_014203115	0
GCF_000482485	1
GCF_002514725	0
GCF_900129825	0
GCF_000701405	1
GCF_006246305	0
GCF_000967545	0
GCF_900100015	0
GCF_900105385	1
GCF_004168285	0
GCF_002075885	0
GCF_009870755	1
GCF_011758645	1
GCF_900142775	0
GCF_003316845	0
GCF_001677435	0
GCF_014646275	1
GCF_011759365	0
GCF_016908145	0
GCF_900114165	1
GCF_010614725	0
GCF_003576475	0
GCF_000488255	0
GCF_000787375	1
GCF_014653135	0
GCF_000426385	1
GCF_002872475	0
GCF_002742285	0
GCF_013407955	1
GCF_002252565	1
GCF_003344925	0
GCF_014874055	1
GCF_000378445	1
GCF_007988865	1
GCF_002994005	1
GCF_001831475	0
GCF_000258405	0
GCF_000747075	0
GCF_000014145	0
GCF_016908295	1
GCF_900113125	1
GCF_014641575	0
GCF_014646195	0
GCF_000382365	0
GCF_003096175	0
GCF_900103645	0
GCF_001637225	0
GCF_900113485	0
GCF_003025495	0
GCF_000518745	0
GCF_007828865	1
GCF_000473365	0
GCF_014641855	0
GCF_001661915	0
GCF_900106525	0
GCF_001418035	0
GCF_001434365	1
GCF_003261055	1
GCF_002021925	0
GCF_014640595	1
GCF_900103535	0
GCF_002154895	1
GCF_900188185	0
GCF_900176595	0
GCF_900637855	0
GCF_001043975	0
GCF_900107595	0
GCF_002727065	0
GCF_000024545	1
GCF_003570715	0
GCF_001874525	0
GCF_000520015	0
GCF_008304605	1
GCF_000686905	0
GCF_003953935	0
GCF_001623405	0
GCF_003751385	0
GCF_900114935	0
GCF_001552475	1
GCF_002252445	0
GCF_003574655	0
GCF_010093445	0
GCF_001050195	0
GCF_900116805	1
GCF_002042885	0
GCF_003385845	0
GCF_000876205	1
GCF_014645235	1
GCF_002205675	0
GCF_900103665	0
GCF_000934605	0
GCF_000699585	0
GCF_001029105	0
GCF_003072065	0
GCF_014644415	1
GCF_003116835	1
GCF_002954355	0
GCF_900112145	0
GCF_004363175	0
GCF_016907495	1
GCF_002930645	0
GCF_014203805	1
GCF_001294205	0
GCF_900111145	0
GCF_001687605	1
GCF_000784735	0
GCF_005671395	0
GCF_004353825	1
GCF_014180685	1
GCF_009827995	0
GCF_003234965	0
GCF_000189775	0
GCF_900156825	0
GCF_011927665	0
GCF_003346775	0
GCF_000161455	1
GCF_004216695	0
GCF_013408305	1
GCF_900142415	0
GCF_900454605	1
GCF_900091565	1
GCF_900091435	1
GCF_000021745	0
GCF_001515305	0
GCF_003610355	0
GCF_004296575	0
GCF_003008695	1
GCF_003286915	0
GCF_014646215	1
GCF_007197885	1
GCF_004348335	1
GCF_000429605	0
GCF_003011895	0
GCF_001436735	1
GCF_002557795	0
GCF_005938195	1
GCF_013409205	1
GCF_001270745	1
GCF_014490665	0
GCF_001688845	0
GCF_007990525	0
GCF_000378765	0
GCF_003233655	0
GCF_002954775	1
GCF_000757795	0
GCF_900187975	0
GCF_003688935	1
GCF_900141995	0
GCF_001562425	0
GCF_000429245	1
GCF_003697915	1
GCF_001660485	1
GCF_902825405	1
GCF_000382345	0
GCF_900156675	0
GCF_001721295	0
GCF_002207865	0
GCF_000023245	1
GCF_000425105	1
GCF_002179915	1
GCF_004348825	0
GCF_004341245	0
GCF_000803315	0
GCF_000214595	0
GCF_000420325	0
GCF_000380985	0
GCF_000429845	0
GCF_016908775	1
GCF_001888185	0
GCF_000423745	1
GCF_006542765	1
GCF_900187885	0
GCF_014201735	0
GCF_013372105	0
GCF_005938105	0
GCF_003813965	1
GCF_003386535	0
GCF_000346615	0
GCF_900142385	0
GCF_003606385	1
GCF_010692725	1
GCF_900184895	0
GCF_014640335	0
GCF_900103935	1
GCF_900116645	0
GCF_008831155	1
GCF_900112605	0
GCF_900231835	0
GCF_014635325	0
GCF_900113805	0
GCF_016908515	1
GCF_000620785	1
GCF_010731675	1
GCF_000315485	0
GCF_003097655	0
GCF_004564275	0
GCF_002870965	0
GCF_014191875	0
GCF_003144495	0
GCF_014195685	0
GCF_900100185	1
GCF_017311475	0
GCF_000735715	0
GCF_900103485	1
GCF_002899945	0
GCF_002013915	0
GCF_900101475	0
GCF_000423265	1
GCF_900129455	1
GCF_007828725	1
GCF_016907845	1
GCF_003946145	1
GCF_014652915	0
GCF_001641335	0
GCF_002895565	0
GCF_001866055	1
GCF_000429265	1
GCF_008710035	0
GCF_001857965	0
GCF_014645815	1
GCF_900100175	0
GCF_000425685	1
GCF_000195635	0
GCF_010500915	0
GCF_016863495	1
GCF_000763805	0
GCF_014647035	1
GCF_904848645	0
GCF_004208635	1
GCF_001517835	0
GCF_014652335	0
GCF_001571065	1
GCF_002093625	0
GCF_007992435	0
GCF_001293125	1
GCF_001274895	1
GCF_001591165	0
GCF_004328075	0
GCF_014230315	0
GCF_001661965	0
GCF_016908975	1
GCF_000024025	1
GCF_900091465	1
GCF_900129575	0
GCF_002043005	0
GCF_014196255	0
GCF_900175965	1
GCF_000815105	0
GCF_003640395	0
GCF_002899715	1
GCF_001676655	0
GCF_003003095	0
GCF_001939075	1
GCF_000224335	0
GCF_900142715	0
GCF_003208175	0
GCF_014635905	1
GCF_000238255	0
GCF_900116235	1
GCF_900142655	0
GCF_002868715	0
GCF_900110135	0
GCF_000379705	1
GCF_003293695	0
GCF_002245695	1
GCF_014651835	0
GCF_014635985	1
GCF_001618865	0
GCF_014192285	0
GCF_004127445	1
GCF_900094585	0
GCF_000428865	1
GCF_000745965	0
GCF_003024675	1
GCF_003696345	0
GCF_003217255	0
GCF_000308575	1
GCF_001552455	1
GCF_014174275	0
GCF_900116425	0
GCF_000236035	0
GCF_000422665	0
GCF_000420385	0
GCF_004305975	1
GCF_002954265	0
GCF_002993965	1
GCF_003049765	0
GCF_000577275	0
GCF_003385775	0
GCF_013375155	0
GCF_008923205	1
GCF_006517395	1
GCF_000376385	1
GCF_900108945	0
GCF_900091615	1
GCF_000482705	1
GCF_003730115	0
GCF_002836945	0
GCF_014640655	0
GCF_000688515	0
GCF_016907435	1
GCF_900116705	0
GCF_003867015	0
GCF_009184635	0
GCF_004634245	0
GCF_900111925	1
GCF_000423025	1
GCF_008017415	1
GCF_000613305	0
GCF_014642275	0
GCF_013410305	1
GCF_014645135	0
GCF_003710105	1
GCF_000237805	0
GCF_002849855	0
GCF_003122365	1
GCF_000365305	0
GCF_003336875	0
GCF_001936625	1
GCF_900102885	0
GCF_003014475	0
GCF_009857475	0
GCF_001758465	0
GCF_001921205	1
GCF_900109925	1
GCF_000702625	1
GCF_014874065	1
GCF_000741415	1
GCF_003086355	1
GCF_014640475	1
GCF_013423785	0
GCF_003337425	0
GCF_014192105	0
GCF_900108065	0
GCF_003185655	0
GCF_014138635	0
GCF_900177275	0
GCF_001295365	1
GCF_004375095	1
GCF_012979235	0
GCF_004352825	0
GCF_004345265	0
GCF_900115715	0
GCF_003987015	0
GCF_014199635	0
GCF_900176505	0
GCF_900108565	1
GCF_003751625	0
GCF_003814745	0
GCF_003966265	0
GCF_001437365	1
GCF_015999335	0
GCF_015356825	1
GCF_900101175	0
GCF_004364555	1
GCF_014126615	0
GCF_001563495	0
GCF_005930355	1
GCF_003049525	1
GCF_003339865	0
GCF_001941485	1
GCF_014203155	0
GCF_900102525	0
GCF_004121055	0
GCF_001761465	0
GCF_014645795	1
GCF_900109085	1
GCF_000429365	0
GCF_004000905	0
GCF_010994055	1
GCF_014641635	0
GCF_000971335	0
GCF_015453285	0
GCF_014636635	0
GCF_000186245	0
GCF_009827395	0
GCF_900108115	0
GCF_001542405	0
GCF_014203705	1
GCF_000421705	0
GCF_003946545	1
GCF_900182595	0
GCF_017876675	1
GCF_000314855	0
GCF_003311635	0
GCF_900099645	0
GCF_004010095	1
GCF_003184185	0
GCF_003024515	0
GCF_900112405	1
GCF_003946245	1
GCF_001544515	0
GCF_003788585	0
GCF_000009625	0
GCF_016908855	1
GCF_900113405	0
GCF_000183725	0
GCF_002104475	0
GCF_003194585	1
GCF_008831035	1
GCF_014641075	1
GCF_000242435	0
GCF_005925325	0
GCF_003097535	0
GCF_013201605	0
GCF_013149785	1
GCF_001280865	0
GCF_009646115	0
GCF_003544855	0
GCF_000519185	0
GCF_900114435	0
GCF_900129095	0
GCF_900324475	0
GCF_000807275	0
GCF_000023025	0
GCF_000255455	0
GCF_000442645	1
GCF_002119425	0
GCF_014645595	1
GCF_900102535	0
GCF_000372465	1
GCF_001463945	0
GCF_900142015	0
GCF_900105255	0
GCF_001435715	1
GCF_000764025	0
GCF_000621025	0
GCF_001687585	1
GCF_900101125	1
GCF_002976435	0
GCF_002834295	0
GCF_001315785	0
GCF_003336225	0
GCF_900103505	0
GCF_002924615	0
GCF_011947225	1
GCF_900119795	0
GCF_009674685	0
GCF_000336675	0
GCF_001651805	0
GCF_001936575	0
GCF_011683915	0
GCF_003149085	0
GCF_001436305	1
GCF_007570825	0
GCF_003390925	0
GCF_002086775	1
GCF_001190945	1
GCF_014196635	0
GCF_016862395	1
GCF_900111195	1
GCF_004001325	0
GCF_014653435	0
GCF_000379985	1
GCF_001434115	1
GCF_012911495	0
GCF_003952005	1
GCF_900109165	1
GCF_017565745	1
GCF_004364645	1
GCF_003703395	0
GCF_000400325	0
GCF_002217285	0
GCF_003444775	1
GCF_900107685	0
GCF_003412465	0
GCF_003148845	0
GCF_900099905	0
GCF_012396615	1
GCF_008868025	1
GCF_900453215	0
GCF_014652355	0
GCF_900100255	0
GCF_900112225	0
GCF_003663795	1
GCF_007989025	1
GCF_900114925	0
GCF_000615975	0
GCF_003667525	1
GCF_900218025	1
GCF_000164905	0
GCF_006546835	1
GCF_900609055	0
GCF_014640905	0
GCF_017876535	1
GCF_003173355	0
GCF_900156685	0
GCF_001719165	0
GCF_000156195	0
GCF_001311135	1
GCF_003851725	0
GCF_002740695	0
GCF_009720745	0
GCF_001418105	0
GCF_001625085	1
GCF_004959935	0
GCF_900115595	0
GCF_014191425	1
GCF_000187895	0
GCF_003384725	0
GCF_000613925	0
GCF_003431825	0
GCF_002259745	1
GCF_000243115	0
GCF_900090265	1
GCF_000020125	0
GCF_014898155	1
GCF_000231275	0
GCF_900142175	0
GCF_014646295	1
GCF_005048265	0
GCF_001704115	0
GCF_900112545	0
GCF_000300455	0
GCF_000601455	0
GCF_900129215	0
GCF_003675855	0
GCF_000421625	0
GCF_016862555	1
GCF_001662305	0
GCF_000378045	0
GCF_014349155	0
GCF_014174155	0
GCF_007992835	1
GCF_000429785	0
GCF_000017805	0
GCF_014200545	0
GCF_000199675	0
GCF_001552655	1
GCF_000374525	0
GCF_000517065	0
GCF_009828705	0
GCF_003056725	0
GCF_002777965	0
GCF_014639235	1
GCF_003201715	0
GCF_000025945	0
GCF_003675385	0
GCF_003350475	0
GCF_000819825	0
GCF_003316635	0
GCF_001953175	0
GCF_000015565	0
GCF_003410055	0
GCF_003148765	0
GCF_000820125	0
GCF_900096905	1
GCF_000367945	0
GCF_000934545	0
GCF_000368925	0
GCF_000975075	1
GCF_900112555	1
GCF_014635565	1
GCF_000422725	0
GCF_001832885	1
GCF_002744755	0
GCF_900100655	0
GCF_000260815	1
GCF_900090275	1
GCF_001592285	0
GCF_007280555	1
GCF_003449035	0
GCF_014640435	0
GCF_004342685	0
GCF_003254175	0
GCF_000384965	0
GCF_008041945	0
GCF_014642915	0
GCF_003843835	0
GCF_004364585	1
GCF_900110875	0
GCF_001436115	1
GCF_005404815	1
GCF_000015725	0
GCF_000423765	1
GCF_000426585	0
GCF_000024325	0
GCF_900111755	0
GCF_002220865	1
GCF_016862795	1
GCF_000230695	0
GCF_000217795	0
GCF_002234915	1
GCF_007992355	1
GCF_016906995	0
GCF_900101825	0
GCF_900116225	0
GCF_000224085	0
GCF_008801935	0
GCF_007990305	1
GCF_014636095	0
GCF_000767615	0
GCF_008801715	0
GCF_009827445	0
GCF_001614315	0
GCF_900107695	0
GCF_000019185	0
GCF_001570425	1
GCF_003688405	0
GCF_000315365	0
GCF_000473325	0
GCF_000689415	0
GCF_002224365	1
GCF_900105015	1
GCF_003206155	0
GCF_900182565	1
GCF_900113935	0
GCF_009858245	1
GCF_000365025	0
GCF_016863175	1
GCF_002964605	0
GCF_002259795	1
GCF_000166275	0
GCF_900129885	0
GCF_004345905	1
GCF_900106035	1
GCF_004339765	0
GCF_000017945	0
GCF_003515075	0
GCF_900099975	1
GCF_003055625	0
GCF_900115115	0
GCF_010550695	1
GCF_014636865	0
GCF_014205685	0
GCF_000347775	0
GCF_900113245	0
GCF_011045155	0
GCF_900107855	0
GCF_009720775	0
GCF_012396505	1
GCF_900155985	0
GCF_900113375	0
GCF_000425525	1
GCF_003946395	1
GCF_002072105	0
GCF_000378125	0
GCF_900683745	0
GCF_004402515	1
GCF_900166975	0
GCF_900215605	0
GCF_002245535	1
GCF_004564325	1
GCF_003820355	0
GCF_006228125	1
GCF_001550065	0
GCF_900156665	1
GCF_000813125	1
GCF_003967555	1
GCF_003258595	0
GCF_003124125	1
GCF_014635825	0
GCF_013409745	1
GCF_017873175	0
GCF_000223985	0
GCF_900129925	1
GCF_002607735	0
GCF_000423525	1
GCF_001514535	0
GCF_000474275	1
GCF_003627075	1
GCF_000427335	0
GCF_000300995	0
GCF_003337215	0
GCF_900102165	0
GCF_008016795	0
GCF_007995015	0
GCF_002019735	1
GCF_003788635	0
GCF_900455725	1
GCF_001436755	1
GCF_001613465	1
GCF_008086185	0
GCF_014652275	0
GCF_001750105	0
GCF_002005305	0
GCF_001613365	1
GCF_003609995	0
GCF_006716065	1
GCF_001437055	1
GCF_008014775	1
GCF_006716695	0
GCF_002217435	0
GCF_003951095	1
GCF_001984715	1
GCF_000600005	0
GCF_000375545	0
GCF_000430845	0
GCF_900099605	1
GCF_007341395	0
GCF_014642735	0
GCF_006717145	1
GCF_003355475	1
GCF_009906855	0
GCF_001855385	1
GCF_009856445	1
GCF_000375465	0
GCF_003545825	0
GCF_006439335	0
GCF_002200915	1
GCF_900454345	0
GCF_004634215	0
GCF_002307355	0
GCF_017876295	1
GCF_000744105	0
GCF_900142685	0
GCF_900101105	0
GCF_003813775	0
GCF_003585965	0
GCF_002245625	0
GCF_014635285	0
GCF_001675045	1
GCF_004362745	0
GCF_900102925	0
GCF_003633615	0
GCF_003253545	0
GCF_001292705	0
GCF_900182555	0
GCF_000515355	1
GCF_900129545	0
GCF_000300235	0
GCF_000373185	0
GCF_001613125	1
GCF_003581645	0
GCF_014646315	1
GCF_000340985	1
GCF_007992015	1
GCF_003337555	0
GCF_016765695	1
GCF_002920915	0
GCF_003391115	0
GCF_014643535	0
GCF_003096695	0
GCF_014646155	1
GCF_900116765	0
GCF_014206945	1
GCF_900112305	0
GCF_002111595	0
GCF_000421825	1
GCF_000409775	0
GCF_013372145	0
GCF_000284515	1
GCF_001971705	0
GCF_900112515	0
GCF_000519105	0
GCF_000337375	0
GCF_002797355	1
GCF_004310665	0
GCF_004785935	1
GCF_000463155	0
GCF_004342005	0
GCF_004217445	0
GCF_015278355	1
GCF_002157875	0
GCF_003313585	0
GCF_014204755	1
GCF_000178855	1
GCF_000772945	1
GCF_007830185	1
GCF_001613505	1
GCF_001730235	1
GCF_900100375	0
GCF_002307475	0
GCF_004684905	1
GCF_001507595	0
GCF_000337735	0
GCF_013283835	0
GCF_900101935	0
GCF_001652725	0
GCF_009827295	0
GCF_002993335	1
GCF_001421015	1
GCF_003254055	0
GCF_000685075	0
GCF_003052295	1
GCF_014643775	0
GCF_016107685	1
GCF_003148665	0
GCF_002563925	1
GCF_000829445	0
GCF_003115855	0
GCF_002804065	1
GCF_014635545	0
GCF_014646095	1
GCF_002869505	0
GCF_000015285	0
GCF_000241305	1
GCF_900188085	0
GCF_001182895	0
GCF_003987515	1
GCF_000702505	1
GCF_900112035	1
GCF_016950255	0
GCF_002238045	0
GCF_001746755	0
GCF_900109025	0
GCF_009749395	1
GCF_001050275	0
GCF_001552255	1
GCF_003994465	0
GCF_002554795	0
GCF_000722635	0
GCF_003051025	0
GCF_000379085	0
GCF_006363815	1
GCF_000519125	0
GCF_003385115	0
GCF_001293685	0
GCF_016654005	0
GCF_013410655	1
GCF_014203755	1
GCF_017876575	1
GCF_004803815	0
GCF_000816185	0
GCF_003130405	0
GCF_007859075	0
GCF_000812685	0
GCF_000279145	0
GCF_900102015	0
GCF_000189535	1
GCF_014642875	0
GCF_017883985	1
GCF_000975055	1
GCF_000383955	0
GCF_000963865	0
GCF_016862935	1
GCF_014646615	1
GCF_002237365	0
GCF_003967035	0
GCF_000940805	0
GCF_000526375	0
GCF_007830115	0
GCF_000185845	0
GCF_006494415	0
GCF_000767165	1
GCF_014138465	0
GCF_017809215	0
GCF_002250055	1
GCF_900108185	0
GCF_014651475	0
GCF_000513115	0
GCF_005884405	0
GCF_002874775	1
GCF_002950215	0
GCF_004359375	1
GCF_003313565	0
GCF_001281485	0
GCF_004214835	0
GCF_014202275	0
GCF_900103865	0
GCF_003725995	1
GCF_003054175	0
GCF_014641495	0
GCF_004115975	0
GCF_002903165	0
GCF_013009555	0
GCF_005160065	1
GCF_016862075	1
GCF_900156575	0
GCF_003334855	0
GCF_003860465	0
GCF_016836705	0
GCF_003605125	0
GCF_000374125	0
GCF_000425025	1
GCF_001435875	1
GCF_000517625	0
GCF_900461435	0
GCF_003963535	1
GCF_900129685	0
GCF_007829815	1
GCF_008124885	0
GCF_000348945	1
GCF_014199165	0
GCF_000172175	0
GCF_000402035	0
GCF_001439735	0
GCF_000166295	0
GCF_003704105	0
GCF_002087235	0
GCF_002632755	0
GCF_003075045	0
GCF_002283365	0
GCF_001465875	0
GCF_014192215	0
GCF_900142395	0
GCF_016598775	1
GCF_900112895	0
GCF_001854125	0
GCF_017874835	1
GCF_010731615	1
GCF_017811175	0
GCF_002355595	0
GCF_900116135	1
GCF_001544475	0
GCF_900129585	0
GCF_002953215	0
GCF_000252445	1
GCF_000196275	1
GCF_014635125	1
GCF_003290025	0
GCF_001465345	1
GCF_004402625	1
GCF_003985135	0
GCF_016865425	1
GCF_014202695	1
GCF_000306965	1
GCF_900109565	0
GCF_014656415	0
GCF_004564075	1
GCF_902859705	0
GCF_001907245	1
GCF_003585925	0
GCF_003004785	0
GCF_900107935	0
GCF_900129985	0
GCF_001885825	1
GCF_000235885	0
GCF_001999305	0
GCF_000377505	1
GCF_000177635	0
GCF_000711985	0
GCF_011762095	0
GCF_001458215	0
GCF_016595555	0
GCF_000711805	0
GCF_900188405	1
GCF_011764565	1
GCF_003325455	1
GCF_001982635	0
GCF_900110375	0
GCF_014203395	1
GCF_000771525	1
GCF_000585415	0
GCF_004362245	0
GCF_000260835	0
GCF_900188325	0
GCF_014644035	0
GCF_001438655	1
GCF_003076755	0
GCF_002266285	0
GCF_001644645	0
GCF_014207355	0
GCF_900128965	0
GCF_002287375	0
GCF_014646495	1
GCF_009930795	1
GCF_010378095	0
GCF_003858645	0
GCF_001544495	0
GCF_002950575	1
GCF_000484655	1
GCF_900108085	0
GCF_007992535	1
GCF_002741015	0
GCF_005405225	1
GCF_004764665	0
GCF_001562055	0
GCF_000488215	0
GCF_001399675	1
GCF_003355495	0
GCF_003071345	0
GCF_900099815	0
GCF_000757885	0
GCF_900105715	1
GCF_000341005	1
GCF_016918545	0
GCF_002813455	0
GCF_000196735	1
GCF_000429505	0
GCF_900113035	0
GCF_016907695	1
GCF_014644535	0
GCF_016904675	1
GCF_002901865	1
GCF_000186265	0
GCF_900129655	0
GCF_003586305	0
GCF_001832905	1
GCF_014645895	1
GCF_017876315	1
GCF_000344805	0
GCF_002213415	0
GCF_900107015	0
GCF_010093345	0
GCF_013409575	1
GCF_000744435	0
GCF_001758385	0
GCF_004118155	0
GCF_004361065	0
GCF_002844375	0
GCF_000374305	1
GCF_001436695	1
GCF_001435895	1
GCF_900101345	0
GCF_016862995	1
GCF_001552615	0
GCF_900106955	0
GCF_003606365	1
GCF_009762275	0
GCF_012295615	0
GCF_000225705	1
GCF_003546865	1
GCF_014202315	1
GCF_900499075	0
GCF_003053725	0
GCF_000757425	0
GCF_001465595	0
GCF_000185445	0
GCF_003731635	0
GCF_900103455	1
GCF_000198775	0
GCF_000472825	0
GCF_009857835	0
GCF_002245615	1
GCF_014635865	0
GCF_000231215	1
GCF_003634095	1
GCF_000474235	0
GCF_900101925	0
GCF_014396165	1
GCF_003024655	1
GCF_000621505	0
GCF_011927835	0
GCF_001750285	1
GCF_001580025	0
GCF_014201355	0
GCF_001613145	1
GCF_000763375	1
GCF_000337355	0
GCF_900143085	1
GCF_003664005	0
GCF_000423125	0
GCF_900103755	0
GCF_005116735	0
GCF_003432065	0
GCF_001570945	1
GCF_002216775	1
GCF_011100465	1
GCF_014138555	0
GCF_900102465	0
GCF_016862735	1
GCF_006352475	0
GCF_900182725	0
GCF_003634555	1
GCF_007994225	1
GCF_003946095	1
GCF_001998825	0
GCF_000974785	1
GCF_900089585	1
GCF_001437075	1
GCF_900142165	1
GCF_008001015	1
GCF_900114385	1
GCF_000384135	0
GCF_003327285	1
GCF_000698575	0
GCF_014202575	1
GCF_003003215	0
GCF_000498955	1
GCF_001592085	1
GCF_004022565	0
GCF_000413935	0
GCF_001611555	0
GCF_002631205	0
GCF_014192055	0
GCF_004912165	0
GCF_001562415	0
GCF_900141815	0
GCF_004361835	0
GCF_014199595	0
GCF_900091605	1
GCF_000482745	0
GCF_001026695	0
GCF_003259185	0
GCF_007991655	0
GCF_014643375	1
GCF_900103285	0
GCF_000960975	0
GCF_014652675	0
GCF_016907655	1
GCF_900143695	0
GCF_002764115	0
GCF_900168155	0
GCF_001735805	1
GCF_000496075	0
GCF_000375525	1
GCF_003012745	0
GCF_002899695	1
GCF_001536285	1
GCF_003958645	0
GCF_008086175	0
GCF_002760665	0
GCF_000014285	0
GCF_003008595	0
GCF_001687305	1
GCF_016888515	0
GCF_007830635	0
GCF_900113055	1
GCF_008632335	0
GCF_000225525	1
GCF_000711225	0
GCF_003382275	0
GCF_002156385	0
GCF_014196835	0
GCF_000375425	0
GCF_006716305	1
GCF_000710615	0
GCF_900142325	0
GCF_003268855	0
GCF_003173035	0
GCF_000969705	1
GCF_004214815	0
GCF_002927045	0
GCF_003628535	0
GCF_001886715	1
GCF_002844555	0
GCF_004367585	1
GCF_900141925	0
GCF_001307765	0
GCF_000429925	0
GCF_900101865	0
GCF_002893765	0
GCF_002000055	0
GCF_003688415	0
GCF_009749405	1
GCF_001017775	0
GCF_003990445	0
GCF_014640195	0
GCF_900101395	0
GCF_000423145	1
GCF_000426625	0
GCF_003814005	1
GCF_900111555	0
GCF_001245615	1
GCF_000787835	1
GCF_000014885	0
GCF_003314995	0
GCF_900112975	0
GCF_014642795	0
GCF_003096835	0
GCF_001707825	0
GCF_003752585	0
GCF_014652215	0
GCF_014192015	1
GCF_017813335	0
GCF_014192395	1
GCF_000769915	0
GCF_009193185	1
GCF_003946445	1
GCF_014643415	0
GCF_000019945	0
GCF_017876455	1
GCF_002954225	1
GCF_014644195	0
GCF_008086205	0
GCF_014645015	1
GCF_010500895	0
GCF_004016505	0
GCF_900102685	1
GCF_003054245	1
GCF_003323745	1
GCF_900115845	1
GCF_900114625	0
GCF_014648315	0
GCF_007474605	0
GCF_000336575	0
GCF_003346755	0
GCF_001465545	0
GCF_003966255	1
GCF_900113825	0
GCF_000746085	0
GCF_003208435	0
GCF_902832845	0
GCF_008632455	0
GCF_000376245	1
GCF_001592025	1
GCF_000513095	1
GCF_006965445	1
GCF_009982895	1
GCF_001552175	1
GCF_900106635	0
GCF_017876095	0
GCF_000376985	1
GCF_001612805	1
GCF_000024765	0
GCF_000190595	0
GCF_011516925	0
GCF_006503695	0
GCF_003176895	1
GCF_000732195	0
GCF_004369205	1
GCF_003205515	0
GCF_001019715	0
GCF_000709085	1
GCF_007713715	1
GCF_009193255	1
GCF_900110605	0
GCF_000314895	0
GCF_002167005	1
GCF_001646865	1
GCF_002214185	1
GCF_001043025	0
GCF_900109935	0
GCF_002262875	1
GCF_015240255	0
GCF_001010355	0
GCF_000708755	1
GCF_002786325	0
GCF_000423245	1
GCF_001437605	1
GCF_900111395	0
GCF_000021545	0
GCF_000315055	0
GCF_900113315	0
GCF_003987475	0
GCF_000382205	0
GCF_001659785	1
GCF_007795095	0
GCF_000422885	0
GCF_002959895	0
GCF_001685015	1
GCF_013004605	1
GCF_010731695	1
GCF_002915595	0
GCF_003173335	0
GCF_900105765	1
GCF_014643255	1
GCF_000621325	0
GCF_000835165	1
GCF_900108515	1
GCF_004766045	1
GCF_016865385	1
GCF_000711725	0
GCF_001580615	0
GCF_000384235	0
GCF_000422625	1
GCF_001936115	1
GCF_003096015	0
GCF_003121305	1
GCF_001856685	1
GCF_003946015	1
GCF_013359935	1
GCF_000380645	1
GCF_000743535	0
GCF_002936955	0
GCF_000422345	0
GCF_002441885	1
GCF_001886275	1
GCF_000375405	0
GCF_014156695	1
GCF_002831565	0
GCF_002205845	0
GCF_007990505	0
GCF_000724605	1
GCF_004028155	0
GCF_900129865	1
GCF_013185195	1
GCF_016908315	0
GCF_014195675	0
GCF_901538355	0
GCF_016907715	1
GCF_900141715	0
GCF_004123295	0
GCF_003217775	0
GCF_002078605	0
GCF_003387355	0
GCF_004346865	0
GCF_000622425	0
GCF_000473205	0
GCF_016881405	0
GCF_003999375	0
GCF_004358025	0
GCF_900110115	0
GCF_014137865	0
GCF_000770675	1
GCF_004152865	0
GCF_000737325	0
GCF_002998295	1
GCF_900091575	1
GCF_013409865	1
GCF_001481685	0
GCF_902499165	0
GCF_014269285	0
GCF_003144405	0
GCF_000375345	0
GCF_004362715	0
GCF_000427445	0
GCF_001038485	1
GCF_000153125	0
GCF_013372265	0
GCF_900187205	0
GCF_003665065	1
GCF_001643015	1
GCF_001579945	0
GCF_006874475	1
GCF_900112235	0
GCF_900475915	1
GCF_002863865	0
GCF_014196845	0
GCF_000590925	0
GCF_000374825	1
GCF_004362405	0
GCF_002749895	0
GCF_009827575	0
GCF_900114375	0
GCF_000227705	0
GCF_013359905	0
GCF_000521485	1
GCF_003751345	0
GCF_003987045	0
GCF_003289945	0
GCF_002933875	0
GCF_009735585	0
GCF_003730015	0
GCF_008932295	0
GCF_003003005	0
GCF_002259755	1
GCF_900112355	1
GCF_002902625	1
GCF_001277345	1
GCF_000271305	0
GCF_010093385	0
GCF_010731295	1
GCF_004122145	0
GCF_003231275	0
GCF_014395645	1
GCF_001434705	1
GCF_001433975	1
GCF_001885945	1
GCF_000687635	1
GCF_900109115	1
GCF_900113865	1
GCF_900182575	0
GCF_000422445	1
GCF_002723955	0
GCF_014635085	0
GCF_014653195	0
GCF_000403355	1
GCF_004153545	1
GCF_014201835	0
GCF_011516825	0
GCF_014644735	1
GCF_014197105	0
GCF_000701465	1
GCF_000012945	0
GCF_900217815	0
GCF_001583435	0
GCF_000466965	0
GCF_900142005	0
GCF_900107435	1
GCF_902833865	0
GCF_000690055	0
GCF_014643755	0
GCF_900102085	1
GCF_003014755	0
GCF_000427965	0
GCF_008085455	0
GCF_902859595	0
GCF_001434845	1
GCF_014201465	1
GCF_007990975	0
GCF_900111095	0
GCF_012395955	1
GCF_001436275	1
GCF_003097315	0
GCF_014643595	1
GCF_900177745	1
GCF_903994035	1
GCF_003129465	0
GCF_003261635	1
GCF_000466985	0
GCF_003026435	0
GCF_001043915	0
GCF_003201605	1
GCF_004137685	0
GCF_004115745	1
GCF_000380045	1
GCF_000406165	0
GCF_014640635	1
GCF_014199615	0
GCF_900111885	1
GCF_000012305	0
GCF_000590555	1
GCF_014202835	0
GCF_010977555	0
GCF_001575215	1
GCF_003797125	0
GCF_001485475	0
GCF_002000545	0
GCF_003967275	0
GCF_900079995	0
GCF_001936175	0
GCF_003332885	0
GCF_900113085	0
GCF_004363335	0
GCF_002902685	1
GCF_000463115	0
GCF_000299355	1
GCF_009757995	1
GCF_900108455	1
GCF_006334985	1
GCF_001436645	1
GCF_001435235	1
GCF_900110675	1
GCF_001436705	1
GCF_000025345	1
GCF_000585335	0
GCF_003096415	0
GCF_003029735	0
GCF_014197145	0
GCF_003574085	0
GCF_009835145	0
GCF_000336955	0
GCF_002150685	0
GCF_900110585	0
GCF_902859815	0
GCF_003814815	1
GCF_004345705	1
GCF_901482605	1
GCF_003946625	1
GCF_002843355	0
GCF_000337475	0
GCF_013410545	1
GCF_000183405	0
GCF_000373745	0
GCF_001580995	0
GCF_900102915	0
GCF_008932115	0
GCF_007997385	0
GCF_000445125	0
GCF_014651435	0
GCF_002087335	0
GCF_000341525	1
GCF_900113745	0
GCF_008802215	0
GCF_001891125	1
GCF_000023785	0
GCF_002086165	1
GCF_001591965	1
GCF_003385555	0
GCF_001632745	0
GCF_900094545	0
GCF_001595745	0
GCF_900106645	0
GCF_000591035	0
GCF_000711735	0
GCF_000315445	1
GCF_013260645	0
GCF_004965515	0
GCF_002278075	0
GCF_003675895	0
GCF_003268595	1
GCF_001886915	1
GCF_014643175	1
GCF_003202035	0
GCF_001571025	1
GCF_000179915	0
GCF_010119975	0
GCF_009762325	0
GCF_004117915	1
GCF_001186155	1
GCF_009733845	0
GCF_001996005	0
GCF_000308755	1
GCF_003989795	0
GCF_003008535	0
GCF_000295935	0
GCF_000746075	0
GCF_001436375	1
GCF_000737705	0
GCF_900089775	0
GCF_014635625	0
GCF_014635685	1
GCF_000378165	0
GCF_002312815	0
GCF_003688495	0
GCF_000020685	0
GCF_000372085	1
GCF_900446395	0
GCF_003258355	0
GCF_007992455	1
GCF_017963645	0
GCF_004000865	0
GCF_001435195	1
GCF_008271745	0
GCF_008017445	1
GCF_002887775	1
GCF_001816165	0
GCF_000236565	0
GCF_004366815	0
GCF_014199625	0
GCF_000424665	0
GCF_900105505	1
GCF_000429485	0
GCF_014644375	0
GCF_900142665	0
GCF_009741375	0
GCF_900108015	0
GCF_014203715	1
GCF_900112005	0
GCF_000194985	0
GCF_900116205	0
GCF_002846575	0
GCF_003383615	0
GCF_002759055	0
GCF_002964975	0
GCF_004564235	1
GCF_900143515	1
GCF_006175945	0
GCF_001507665	1
GCF_003413745	0
GCF_003148865	1
GCF_003123725	0
GCF_000739775	0
GCF_900113955	0
GCF_013408145	1
GCF_003966155	0
GCF_004217455	1
GCF_016908375	0
GCF_014202415	0
GCF_003628305	1
GCF_003226345	1
GCF_003958625	0
GCF_001458315	0
GCF_001434895	1
GCF_003097495	1
GCF_003443895	0
GCF_007341375	0
GCF_006861795	1
GCF_000264295	0
GCF_900168125	0
GCF_001047135	1
GCF_900101615	0
GCF_003339505	0
GCF_001305675	1
GCF_001591925	1
GCF_902859935	0
GCF_003034225	1
GCF_010729305	1
GCF_002119805	1
GCF_000455445	0
GCF_900113335	0
GCF_003946885	1
GCF_003402975	0
GCF_011927685	0
GCF_014904815	0
GCF_000688295	0
GCF_011758765	1
GCF_000341085	1
GCF_900142245	1
GCF_004137085	0
GCF_008014345	0
GCF_001730295	1
GCF_004116955	1
GCF_003990915	0
GCF_001592105	0
GCF_003710805	1
GCF_017874235	0
GCF_010092985	0
GCF_003336745	0
GCF_000756665	0
GCF_015751785	1
GCF_000963705	0
GCF_010731755	1
GCF_001420645	1
GCF_014396585	0
GCF_008795985	0
GCF_013240295	0
GCF_001543325	0
GCF_003259955	0
GCF_000146285	0
GCF_003259155	0
GCF_001661675	0
GCF_900108025	0
GCF_001907975	0
GCF_900102905	0
GCF_001434915	1
GCF_900116405	0
GCF_000296445	1
GCF_001543145	1
GCF_900109605	0
GCF_003058085	0
GCF_900129275	0
GCF_003967575	1
GCF_001889005	0
GCF_003481905	1
GCF_001998965	0
GCF_001438825	1
GCF_003025005	0
GCF_000314975	0
GCF_001293565	0
GCF_000379445	0
GCF_900536025	0
GCF_009828115	0
GCF_900111075	0
GCF_003015185	0
GCF_002846395	0
GCF_900129065	0
GCF_001458375	0
GCF_000379665	0
GCF_003987435	0
GCF_004363315	0
GCF_000771065	1
GCF_003258365	0
GCF_002837055	1
GCF_003332855	0
GCF_003387475	1
GCF_900111865	1
GCF_000307855	1
GCF_014642695	0
GCF_900129755	0
GCF_002217335	0
GCF_900110255	1
GCF_900111495	0
GCF_900142735	0
GCF_014202075	0
GCF_002252475	0
GCF_014905415	1
GCF_003583405	1
GCF_006974145	0
GCF_900100165	0
GCF_003046315	1
GCF_014195435	1
GCF_001940525	0
GCF_000214435	1
GCF_900090225	1
GCF_000265385	0
GCF_006494375	0
GCF_002884435	1
GCF_003344635	1
GCF_002846205	0
GCF_002077945	0
GCF_900187305	0
GCF_007989805	1
GCF_003355515	0
GCF_009665025	0
GCF_004153685	0
GCF_009789535	0
GCF_001202035	0
GCF_900177405	0
GCF_000425445	0
GCF_007991315	1
GCF_902813205	0
GCF_900107755	1
GCF_005281475	0
GCF_900108215	0
GCF_002078015	0
GCF_004792415	0
GCF_900115605	1
GCF_001939735	0
GCF_001439605	1
GCF_004365595	0
GCF_000420405	1
GCF_005889725	1
GCF_003752155	1
GCF_900113875	0
GCF_900111305	0
GCF_002351485	0
GCF_900112745	0
GCF_000308595	1
GCF_000423365	0
GCF_009828105	0
GCF_000691145	1
GCF_003160695	1
GCF_900129315	0
GCF_900142275	0
GCF_003576245	0
GCF_007567505	0
GCF_015352985	0
GCF_016937655	0
GCF_002995785	1
GCF_000382385	0
GCF_001676875	0
GCF_000154845	0
GCF_004296685	0
GCF_009725985	0
GCF_900101095	1
GCF_000236685	0
GCF_000021645	0
GCF_014646255	1
GCF_013618945	1
GCF_013201685	0
GCF_009829085	0
GCF_002157225	0
GCF_007991935	1
GCF_010915725	0
GCF_003934295	0
GCF_014653175	0
GCF_000308815	1
GCF_002356295	0
GCF_009827545	0
GCF_001434835	1
GCF_002288825	0
GCF_001696605	0
GCF_004343305	0
GCF_004117075	0
GCF_900112705	1
GCF_004005865	0
GCF_000182745	0
GCF_014648035	0
GCF_900215575	0
GCF_001046895	1
GCF_003269035	0
GCF_003589745	1
GCF_000732945	1
GCF_001571325	0
GCF_004359965	0
GCF_014651855	0
GCF_000566685	0
GCF_003002055	1
GCF_009768885	0
GCF_014117215	0
GCF_010078385	1
GCF_000948975	0
GCF_002260845	1
GCF_014643635	0
GCF_014651615	0
GCF_014647115	0
GCF_900105315	1
GCF_000428485	0
GCF_016415625	0
GCF_014642655	1
GCF_000732725	0
GCF_000375645	0
GCF_000336995	0
GCF_014202645	0
GCF_900111105	0
GCF_000380085	1
GCF_002846615	1
GCF_000429865	0
GCF_004337505	0
GCF_000156495	0
GCF_000297055	0
GCF_003315775	0
GCF_003946485	1
GCF_002000485	0
GCF_000242915	0
GCF_900215625	1
GCF_001612745	1
GCF_010725725	1
GCF_003585935	0
GCF_001637335	1
GCF_011927785	1
GCF_000974765	0
GCF_007991335	1
GCF_000429685	1
GCF_009763805	0
GCF_000829515	1
GCF_008711325	0
GCF_900110245	0
GCF_900111965	0
GCF_001592305	0
GCF_001190785	1
GCF_016863115	1
GCF_003056345	0
GCF_000815225	0
GCF_014647535	0
GCF_009377205	1
GCF_005870085	1
GCF_001005215	0
GCF_900104895	1
GCF_000426605	1
GCF_900188125	1
GCF_004122035	0
GCF_000735695	0
GCF_003049785	0
GCF_007559235	1
GCF_008710205	0
GCF_014647215	0
GCF_009649735	1
GCF_001277195	0
GCF_007992495	0
GCF_004340665	0
GCF_004135055	1
GCF_001519075	0
GCF_003402235	0
GCF_001997345	1
GCF_000342005	1
GCF_004209755	0
GCF_000298295	0
GCF_014647975	0
GCF_003931915	1
GCF_001742305	0
GCF_900111825	0
GCF_011089875	0
GCF_003967595	1
GCF_900114415	0
GCF_015751895	1
GCF_000420765	0
GCF_000212695	1
GCF_009910845	1
GCF_003149475	0
GCF_900148505	0
GCF_014645515	1
GCF_003350345	0
GCF_003050755	0
GCF_002902925	0
GCF_003171655	0
GCF_014641735	0
GCF_000349205	0
GCF_000308435	1
GCF_011745685	1
GCF_014644275	0
GCF_000299915	0
GCF_002884445	0
GCF_007991375	0
GCF_004521985	0
GCF_001697225	0
GCF_900115905	0
GCF_900142095	0
GCF_000521505	0
GCF_000949455	0
GCF_900110345	1
GCF_011762085	0
GCF_900116435	0
GCF_000227765	0
GCF_001908095	0
GCF_001678905	1
GCF_003752405	1
GCF_002006995	0
GCF_002285415	0
GCF_003574045	0
GCF_900110855	1
GCF_900129075	0
GCF_003293845	0
GCF_000379805	0
GCF_013377855	0
GCF_013408745	1
GCF_000312565	0
GCF_900112695	1
GCF_007830155	0
GCF_008124765	1
GCF_000400365	0
GCF_000204195	0
GCF_003569045	0
GCF_000257765	1
GCF_900142575	1
GCF_000422945	0
GCF_900176325	1
GCF_005405265	1
GCF_003470205	1
GCF_014230355	0
GCF_001435505	1
GCF_900103985	1
GCF_014647135	0
GCF_001580535	0
GCF_000145215	1
GCF_902859775	0
GCF_000425865	0
GCF_900460265	0
GCF_014644575	0
GCF_900107225	0
GCF_004684805	1
GCF_900188115	1
GCF_003182135	1
GCF_000956595	1
GCF_004365555	0
GCF_003688555	0
GCF_902813185	0
GCF_900115005	1
GCF_016862435	1
GCF_002980525	0
GCF_004115155	0
GCF_004358165	0
GCF_016595465	0
GCF_014643455	0
GCF_004011805	0
GCF_009755815	0
GCF_003633685	1
GCF_000820025	0
GCF_004332295	1
GCF_004025525	0
GCF_003097615	1
GCF_003576345	0
GCF_009827305	0
GCF_003003125	1
GCF_008638345	0
GCF_002899825	0
GCF_009900715	0
GCF_003049725	0
GCF_002269385	0
GCF_014646975	0
GCF_900156505	0
GCF_013410565	1
GCF_900167155	0
GCF_000427865	1
GCF_002930105	0
GCF_900018365	0
GCF_000445065	0
GCF_002252525	0
GCF_003977615	0
GCF_003337715	0
GCF_016863095	1
GCF_003049685	0
GCF_010993955	1
GCF_011764545	1
GCF_001561915	0
GCF_000060345	0
GCF_004364635	0
GCF_001561955	1
GCF_016464425	1
GCF_014652615	0
GCF_003609575	0
GCF_002259645	1
GCF_900111375	1
GCF_000298075	1
GCF_000430705	1
GCF_007830235	1
GCF_004284785	0
GCF_002795405	0
GCF_014643835	0
GCF_001027865	0
GCF_014196495	0
GCF_011516865	0
GCF_900109245	1
GCF_014196515	0
GCF_900101165	1
GCF_015244575	0
GCF_003254575	1
GCF_900089835	0
GCF_000160835	1
GCF_012396605	0
GCF_010365285	1
GCF_003610785	1
GCF_009711225	0
GCF_003315205	0
GCF_003253995	0
GCF_900450925	0
GCF_004341165	0
GCF_900143245	0
GCF_011684115	0
GCF_900114455	0
GCF_005670605	1
GCF_003344785	0
GCF_902859635	0
GCF_009755805	0
GCF_000184705	0
GCF_000159015	1
GCF_009176545	0
GCF_014653695	1
GCF_003254705	0
GCF_900107255	1
GCF_016862515	1
GCF_003688615	1
GCF_009913235	0
GCF_000934725	0
GCF_003335045	0
GCF_002806975	0
GCF_002019635	1
GCF_000308655	1
GCF_000092865	1
GCF_004801935	0
GCF_010811875	0
GCF_014643715	0
GCF_002874535	0
GCF_016757275	0
GCF_006538525	0
GCF_002911695	0
GCF_004114425	0
GCF_003703975	0
GCF_005405445	1
GCF_007830455	0
GCF_000302595	0
GCF_900089845	0
GCF_013416545	1
GCF_012985915	0
GCF_900116825	0
GCF_000397065	0
GCF_001267925	0
GCF_004322755	0
GCF_002844395	1
GCF_000374165	1
GCF_011926545	0
GCF_001046635	0
GCF_900172355	0
GCF_000211415	0
GCF_000686705	1
GCF_008806755	0
GCF_013185185	1
GCF_900129725	0
GCF_003260205	0
GCF_008710165	0
GCF_000701665	1
GCF_004339545	0
GCF_004135605	0
GCF_010669125	0
GCF_005405205	1
GCF_000192475	0
GCF_900105115	0
GCF_001044245	1
GCF_009725995	0
GCF_000503215	0
GCF_003345655	0
GCF_014636415	0
GCF_001043055	0
GCF_001434335	1
GCF_000429585	1
GCF_009617915	0
GCF_000429345	1
GCF_000427645	0
GCF_003946605	1
GCF_001507545	0
GCF_017352095	0
GCF_014643055	1
GCF_001646745	1
GCF_000768685	1
GCF_003583365	0
GCF_003205195	0
GCF_016401385	1
GCF_004803505	1
GCF_004519295	1
GCF_000745485	0
GCF_009908195	1
GCF_900104265	0
GCF_001408515	0
GCF_000021725	0
GCF_011927905	1
GCF_900163565	1
GCF_000829435	1
GCF_014174495	1
GCF_014645735	1
GCF_003581385	0
GCF_002111585	0
GCF_000498575	0
GCF_000972785	0
GCF_000964365	0
GCF_003730135	0
GCF_003946045	1
GCF_900167435	1
GCF_001270065	0
GCF_001592005	1
GCF_005871185	0
GCF_003602235	1
GCF_007558865	0
GCF_002834145	0
GCF_002591895	0
GCF_014638845	0
GCF_009720825	0
GCF_013409935	1
GCF_001684335	0
GCF_001655675	0
GCF_001418255	0
GCF_003993795	0
GCF_000182725	0
GCF_000425165	0
GCF_003953035	0
GCF_900100195	0
GCF_002865585	1
GCF_900156535	0
GCF_001792775	1
GCF_011604685	0
GCF_002924445	0
GCF_001889045	0
GCF_007991355	1
GCF_002210435	1
GCF_010994085	1
GCF_003614185	0
GCF_000974365	0
GCF_001968835	1
GCF_900142235	1
GCF_000429725	1
GCF_003711105	1
GCF_014764405	1
GCF_000317835	1
GCF_003946345	1
GCF_002899875	0
GCF_000559085	1
GCF_000023125	0
GCF_000420425	1
GCF_003499275	0
GCF_004329705	0
GCF_000684975	0
GCF_000983115	0
GCF_014645195	0
GCF_000308615	1
GCF_008710705	1
GCF_003010935	0
GCF_001996165	0
GCF_000406185	0
GCF_006376675	0
GCF_000430745	0
GCF_009932375	0
GCF_000422765	0
GCF_014647095	0
GCF_003312875	1
GCF_000698555	0
GCF_000158095	0
GCF_002240355	1
GCF_007644035	0
GCF_900104195	0
GCF_900182685	1
GCF_001594225	0
GCF_003946575	1
GCF_003967515	1
GCF_000429945	0
GCF_016909075	1
GCF_003253485	0
GCF_001575205	1
GCF_003013695	0
GCF_010723575	1
GCF_900106795	0
GCF_001436595	1
GCF_900115175	0
GCF_003595215	1
GCF_001953055	0
GCF_900142135	0
GCF_007004645	0
GCF_000737765	0
GCF_004336905	0
GCF_004000745	1
GCF_000425625	0
GCF_014653785	1
GCF_000714535	0
GCF_002921145	0
GCF_000612505	1
GCF_000239155	1
GCF_001945365	0
GCF_017873765	1
GCF_016863655	1
GCF_003148565	1
GCF_003258605	1
GCF_002000125	0
GCF_000820165	0
GCF_008064635	0
GCF_900100975	0
GCF_003315245	0
GCF_000019085	1
GCF_014646895	1
GCF_013408445	1
GCF_900156755	1
GCF_000745835	0
GCF_003952945	1
GCF_014641945	0
GCF_000826645	0
GCF_014646075	1
GCF_000600975	0
GCF_900114255	0
GCF_003052265	0
GCF_900116575	0
GCF_002101705	1
GCF_003425685	0
GCF_900113275	0
GCF_004519315	0
GCF_001683795	0
GCF_000420805	1
GCF_000633635	1
GCF_900115035	0
GCF_001306035	0
GCF_000376225	1
GCF_005885605	0
GCF_002798305	1
GCF_001482405	0
GCF_900497695	0
GCF_900113605	0
GCF_014646135	1
GCF_000421185	1
GCF_004761865	0
GCF_009377175	1
GCF_016904945	0
GCF_014174395	0
GCF_016881145	1
GCF_016907475	1
GCF_004342915	0
GCF_900114715	1
GCF_014646355	1
GCF_000359605	1
GCF_003946725	1
GCF_001982615	0
GCF_902859845	0
GCF_014192155	0
GCF_014640075	0
GCF_002003465	1
GCF_013204885	1
GCF_900167475	1
GCF_000711875	0
GCF_000011005	0
GCF_008831265	0
GCF_014645495	0
GCF_000146675	0
GCF_001463845	0
GCF_900109525	0
GCF_001548475	0
GCF_004120195	0
GCF_001651865	0
GCF_900112365	0
GCF_900108335	1
GCF_900142105	1
GCF_005144885	0
GCF_000731955	0
GCF_009184425	0
GCF_002259705	1
GCF_016863335	1
GCF_001570845	1
GCF_011927795	0
GCF_007992175	0
GCF_014647195	1
GCF_001305595	0
GCF_004345825	0
GCF_003693265	1
GCF_001598255	0
GCF_004216715	0
GCF_014653575	0
GCF_000429525	1
GCF_003260015	1
GCF_003315595	0
GCF_014644455	0
GCF_000379965	0
GCF_016863555	1
GCF_000613805	0
GCF_900637665	0
GCF_000225825	1
GCF_000745455	0
GCF_001437465	1
GCF_900103695	1
GCF_900188355	0
GCF_007655485	0
GCF_001438845	1
GCF_000188195	0
GCF_900114775	0
GCF_900143065	0
GCF_002095485	0
GCF_000806415	0
GCF_003324485	0
GCF_009602465	1
GCF_900108095	0
GCF_900167055	0
GCF_000422405	1
GCF_004745525	1
GCF_003417065	0
GCF_000576635	0
GCF_900112845	1
GCF_000429905	0
GCF_004799285	0
GCF_001945525	1
GCF_014636215	0
GCF_003020045	1
GCF_003025615	0
GCF_017356265	0
GCF_001565895	0
GCF_013839445	0
GCF_900115585	0
GCF_014905135	0
GCF_000377705	1
GCF_003719825	0
GCF_003594885	1
GCF_014635245	0
GCF_001017755	1
GCF_004345645	1
GCF_003269295	1
GCF_013409965	1
GCF_902141845	0
GCF_014641595	0
GCF_003634345	0
GCF_008974285	1
GCF_004307425	0
GCF_014640315	0
GCF_003046545	0
GCF_000374565	0
GCF_003075035	0
GCF_002744735	0
GCF_900099655	1
GCF_013408555	1
GCF_001612685	1
GCF_016909185	1
GCF_000714935	1
GCF_003217495	1
GCF_012396315	1
GCF_004001245	0
GCF_004341725	0
GCF_002128425	1
GCF_009392895	0
GCF_007988965	1
GCF_002902085	1
GCF_014637345	1
GCF_004364155	1
GCF_014196535	0
GCF_900106995	1
GCF_003122385	0
GCF_014198875	0
GCF_014646235	1
GCF_000426745	0
GCF_000244975	1
GCF_902499135	0
GCF_002243045	0
GCF_004352855	0
GCF_014642405	1
GCF_000022745	0
GCF_011455875	0
GCF_001885735	1
GCF_005845365	1
GCF_900103545	0
GCF_002115725	0
GCF_007991695	0
GCF_000378485	0
GCF_000428845	0
GCF_001571225	0
GCF_010645075	0
GCF_900104245	0
GCF_003986975	0
GCF_001642995	1
GCF_001602375	0
GCF_000377745	0
GCF_000220155	0
GCF_900109185	0
GCF_003367175	0
GCF_014202935	0
GCF_003240585	0
GCF_000373925	1
GCF_008124875	0
GCF_001681735	0
GCF_000423045	0
GCF_002563695	1
GCF_004217095	0
GCF_902459695	0
GCF_900114445	1
GCF_000421765	0
GCF_004369225	1
GCF_003952025	1
GCF_002864685	0
GCF_014874095	1
GCF_000429825	1
GCF_000215915	0
GCF_003797185	1
GCF_001280595	1
GCF_900142785	0
GCF_000164675	1
GCF_003987025	0
GCF_013378075	0
GCF_001598055	0
GCF_000420545	0
GCF_900102095	1
GCF_016836765	0
GCF_002531935	0
GCF_003345525	0
GCF_002155145	0
GCF_900101075	1
GCF_001420715	0
GCF_003946385	1
GCF_001570545	1
GCF_014648095	1
GCF_900100085	0
GCF_011297315	1
GCF_002583405	1
GCF_007830445	0
GCF_003584105	0
GCF_014843825	0
GCF_004137255	1
GCF_011299095	1
GCF_000805385	1
GCF_900109345	0
GCF_000013645	0
GCF_014646635	1
GCF_001999905	1
GCF_014199415	0
GCF_003674065	1
GCF_005869865	1
GCF_002251775	0
GCF_001011115	0
GCF_014646115	1
GCF_003385895	0
GCF_003660445	0
GCF_003024685	1
GCF_003057875	1
GCF_003253705	0
GCF_001029435	0
GCF_000421805	0
GCF_009733535	0
GCF_014645375	0
GCF_004364805	0
GCF_001885995	1
GCF_002104455	0
GCF_003992665	0
GCF_002162355	1
GCF_009939005	0
GCF_014641715	0
GCF_015767265	0
GCF_002197685	0
GCF_016862975	1
GCF_001885765	1
GCF_900104185	1
GCF_000171615	1
GCF_900108395	0
GCF_014206875	0
GCF_900155935	0
GCF_007858275	0
GCF_000597865	1
GCF_002896965	0
GCF_000378365	0
GCF_003056305	0
GCF_001544355	1
GCF_001687475	0
GCF_000169155	0
GCF_003073115	0
GCF_000379165	0
GCF_002934455	0
GCF_011764445	1
GCF_000733765	0
GCF_014207495	0
GCF_003579925	1
GCF_014644315	0
GCF_006716315	1
GCF_014642675	1
GCF_006716745	1
GCF_003987645	1
GCF_000708285	0
GCF_002563955	1
GCF_003149455	0
GCF_005405885	1
GCF_006519715	0
GCF_011762025	0
GCF_000023145	1
GCF_002355275	0
GCF_003515685	1
GCF_014646675	0
GCF_002238335	0
GCF_001431585	0
GCF_004851605	0
GCF_003313245	0
GCF_900130045	0
GCF_000159035	1
GCF_004310345	0
GCF_002909235	0
GCF_003057885	0
GCF_009758125	0
GCF_008933115	0
GCF_001650025	0
GCF_009733815	0
GCF_013407855	1
GCF_016862575	1
GCF_014205175	1
GCF_005405485	1
GCF_003028855	0
GCF_004348455	1
GCF_900100155	0
GCF_000381905	0
GCF_002797855	1
GCF_900128975	0
GCF_004745505	1
GCF_009184905	0
GCF_003402615	1
GCF_014202905	0
GCF_002835735	1
GCF_002156865	0
GCF_000503895	0
GCF_000421665	1
GCF_003254505	0
GCF_014137855	1
GCF_000559025	0
GCF_003072125	0
GCF_900114765	0
GCF_000233955	0
GCF_900100785	0
GCF_003201815	0
GCF_009932335	0
GCF_014643735	0
GCF_001278705	1
GCF_014199215	0
GCF_014645655	1
GCF_000423205	1
GCF_000337495	0
GCF_900187115	0
GCF_000442315	0
GCF_000620145	0
GCF_003688285	0
GCF_000337515	0
GCF_001592935	0
GCF_014639155	1
GCF_001457435	1
GCF_900102265	0
GCF_900186125	1
GCF_003426055	1
GCF_014651955	0
GCF_009827515	0
GCF_014196765	0
GCF_900129465	0
GCF_000024985	1
GCF_002252505	0
GCF_002943425	0
GCF_900115225	0
GCF_003050615	0
GCF_002148795	0
GCF_014197795	0
GCF_900110955	1
GCF_003386795	1
GCF_000308295	0
GCF_016135805	0
GCF_003958635	0
GCF_004331955	0
GCF_000222485	0
GCF_003795125	1
GCF_900168195	0
GCF_014646335	1
GCF_001642325	0
GCF_003254475	0
GCF_003339525	0
GCF_003515065	0
GCF_001458295	0
GCF_900116065	0
GCF_003815015	1
GCF_010669225	0
GCF_900109575	0
GCF_900111805	1
GCF_001434405	1
GCF_009821115	0
GCF_002811195	0
GCF_002091475	0
GCF_003946275	1
GCF_000382245	0
GCF_000427685	0
GCF_000023065	0
GCF_002269345	0
GCF_009936215	0
GCF_900188265	0
GCF_000160535	0
GCF_900103215	0
GCF_001816125	0
GCF_014635185	1
GCF_000421565	1
GCF_014204985	1
GCF_900112755	0
GCF_000382145	0
GCF_000959365	0
GCF_002937075	0
GCF_000513135	1
GCF_003073175	1
GCF_004016525	0
GCF_003719305	1
GCF_000714435	1
GCF_002563715	1
GCF_001293525	0
GCF_014196955	0
GCF_001043955	0
GCF_001907295	1
GCF_014202115	1
GCF_007830055	1
GCF_014640815	0
GCF_001183985	1
GCF_004563965	1
GCF_002953195	0
GCF_004355225	0
GCF_016863295	1
GCF_014645555	0
GCF_016861975	1
GCF_000619945	1
GCF_002104335	0
GCF_007990755	1
GCF_000308695	1
GCF_005434975	0
GCF_001017435	0
GCF_016862915	1
GCF_900114045	0
GCF_010119935	1
GCF_015751765	1
GCF_007827295	0
GCF_900116145	1
GCF_000418365	1
GCF_002217985	1
GCF_009688945	0
GCF_900111945	0
GCF_900113345	0
GCF_001753165	0
GCF_003185915	1
GCF_002795425	0
GCF_001891165	0
GCF_900103385	1
GCF_002901445	0
GCF_009834025	1
GCF_003663885	0
GCF_900103325	0
GCF_011761605	1
GCF_000093025	0
GCF_900110575	1
GCF_900129665	0
GCF_003121895	0
GCF_014174375	0
GCF_014652195	0
GCF_000425705	1
GCF_001952075	0
GCF_004138485	0
GCF_003151135	0
GCF_003313335	0
GCF_000265075	0
GCF_002088975	0
GCF_002165625	0
GCF_900107215	0
GCF_000231055	1
GCF_016586355	1
GCF_003987335	0
GCF_016722765	0
GCF_003386205	0
GCF_002909255	0
GCF_003201285	1
GCF_010211745	0
GCF_000379625	1
GCF_014645615	1
GCF_900112245	0
GCF_000212915	0
GCF_000820045	0
GCF_002798015	1
GCF_003096955	1
GCF_900107535	0
GCF_900156725	0
GCF_003148525	0
GCF_001941445	1
GCF_003725295	1
GCF_004366795	1
GCF_014646655	0
GCF_900114125	0
GCF_014217785	1
GCF_006716095	1
GCF_003813985	1
GCF_900142995	0
GCF_003610495	1
GCF_900115255	0
GCF_002995755	1
GCF_000382265	0
GCF_003610195	0
GCF_000307165	1
GCF_900114215	1
GCF_900215205	1
GCF_000378465	0
GCF_010975035	1
GCF_014647055	1
GCF_017592395	1
GCF_004005565	0
GCF_003946265	1
GCF_003367315	0
GCF_000511175	0
GCF_004331415	0
GCF_001704615	0
GCF_006716645	0
GCF_000312485	0
GCF_003627095	1
GCF_008638305	0
GCF_014652715	0
GCF_014637085	0
GCF_001684965	0
GCF_002014825	0
GCF_013409785	1
GCF_003020585	0
GCF_002157465	1
GCF_002954325	0
GCF_000772535	0
GCF_000421545	1
GCF_003937945	1
GCF_014640155	0
GCF_002019765	1
GCF_900100355	0
GCF_900177625	0
GCF_900167405	0
GCF_002108505	0
GCF_002954685	0
GCF_014196025	1
GCF_014644155	0
GCF_003012795	0
GCF_900102145	0
GCF_900142435	0
GCF_014174215	0
GCF_016772475	1
GCF_002813205	1
GCF_003177275	0
GCF_004365635	0
GCF_900128925	0
GCF_003050785	0
GCF_000473105	0
GCF_009720865	0
GCF_900116905	1
GCF_900110795	0
GCF_015278285	1
GCF_009728145	1
GCF_003586265	0
GCF_002895945	0
GCF_900055185	0
GCF_002218005	0
GCF_002201795	1
GCF_003686955	1
GCF_007829035	1
GCF_006716205	1
GCF_014641615	0
GCF_014195485	1
GCF_003946205	1
GCF_000428145	0
GCF_008124865	0
GCF_009827055	0
GCF_000504245	1
GCF_900142255	1
GCF_003605405	1
GCF_014138425	0
GCF_002968635	0
GCF_000691225	0
GCF_000429985	0
GCF_900100125	1
GCF_004005845	0
GCF_001593605	0
GCF_003388735	1
GCF_008329945	0
GCF_001953795	0
GCF_004363555	0
GCF_014202495	1
GCF_002911015	1
GCF_002245655	0
GCF_014640555	1
GCF_000807855	0
GCF_900105965	1
GCF_003660455	1
GCF_014646515	1
GCF_001441535	0
GCF_000708615	0
GCF_000711955	0
GCF_008933155	0
GCF_000447205	0
GCF_009183655	1
GCF_014648295	0
GCF_900102505	0
GCF_000373965	0
GCF_003002065	1
GCF_001886225	1
GCF_000701905	0
